Label,Count,Avg(ms),Min,Max,StdDev
SaveTransform_Skeleton,153,0.00,0,0,0.00
SaveTransform_Skeleton0,153,0.00,0,0,0.00
SaveTransform_Skeleton1,153,0.00,0,0,0.00
SaveTransform_Skeleton2,153,0.00,0,0,0.00
SaveTransform_Skeleton3,153,0.00,0,0,0.00
SaveTransform_Skeleton4,153,0.00,0,0,0.00
SaveTransform_Skeleton5,153,0.00,0,0,0.00
SaveTransform_Skeleton6,153,0.00,0,0,0.00
SaveTransform_Skeleton7,153,0.00,0,0,0.00
SaveTransform_Skeleton8,153,0.00,0,0,0.00
SaveTransform_Skeleton9,153,0.00,0,0,0.00
SaveTransform_Skeleton10,153,0.00,0,0,0.00
SaveTransform_Skeleton11,153,0.00,0,0,0.00
SaveTransform_Skeleton12,153,0.00,0,0,0.00
SaveTransform_Skeleton13,153,0.00,0,0,0.00
SaveTransform_Skeleton14,153,0.00,0,0,0.00
SaveTransform_Skeleton15,153,0.00,0,0,0.00
SaveTransform_Skeleton16,153,0.00,0,0,0.00
SaveTransform_Skeleton17,153,0.00,0,0,0.00
SaveTransform_Skeleton18,153,0.00,0,0,0.00
SaveTransform_Skeleton19,153,0.00,0,0,0.00
SaveTransform_Skeleton20,153,0.00,0,0,0.00
SaveTransform_Skeleton21,153,0.00,0,0,0.00
SaveTransform_Skeleton22,153,0.00,0,0,0.00
SaveTransform_Skeleton23,153,0.00,0,0,0.00
SaveTransform_SkelRenderer,153,0.08,0,4,0.39
SaveTransform_Floor,153,0.00,0,0,0.00
SaveTransform_BubbleGen1,153,0.00,0,0,0.00
SaveTransform_BubbleGen2,153,0.00,0,0,0.00
SaveTransform_BubbleGen3,153,0.00,0,0,0.00
SaveTransform_BubbleGen4,153,0.00,0,0,0.00
SaveTransform_BubbleGen5,153,0.00,0,0,0.00
SaveTransform_BubbleGen6,153,0.00,0,0,0.00
SaveTransform_BubbleGen7,153,0.00,0,0,0.00
SaveTransform_BubbleGen8,153,0.00,0,0,0.00
SaveTransform_BubbleGenerators,153,0.01,0,1,0.08
ImageSave,153,16.52,9,64,12.13
GatherData,153,39.74,16,198,28.82
LogData,7,39.71,2,109,32.17
